[
  {
    "result": "disinfectant_makeshift",
    "type": "recipe",
    "category": "CC_OTHER",
    "subcategory": "CSC_OTHER_MEDICAL",
    "skill_used": "cooking",
    "id_suffix": "alcohol dis",
    "autolearn": true,
    "time": "30 s",
    "components": [ [ [ "vodka", 7 ], [ "whiskey", 7 ], [ "gin", 7 ], [ "rum", 7 ], [ "tequila", 7 ], [ "triple_sec", 7 ], [ "brandy", 7 ], [ "single_malt_whiskey", 7 ], [ "single_pot_whiskey", 7 ], [ "cheap_whiskey", 7 ],[ "canadian_whiskey", 7 ], [ "moonshine", 7 ], [ "mixed_alcohol_strong", 7 ] ] ]
  }
]
